form	lemma	POS	morph
		
༄༅། །		PUNCT
རྩོད་པ་	རྩོད་པ་	VERB
བཟློག་པ་	བཟློག་པ་	VERB
འི་	གི་	PART
ཚིག་ལེའུ་	ཚིག་ལེའུ་	OTHER
ར་	ལ་	PART
བྱས་པ་	བྱས་པ་	VERB
ཞེ་	ཅེས་	PART
བྱ་བ་	བྱ་བ་	VERB
བཞུགས་	བཞུགས་	VERB
སོ་	གོ་	PART
"།། 

༼"		PUNCT
		
༽ ༄༅། །		PUNCT
རྒྱ་གར་	རྒྱ་གར་	PROPN
སྐད་	སྐད་	NOUN
དུ་	ལ་	PART
།		PUNCT
བི་	བི་	NO_POS
གྲ་	གྲ་	NOUN
ཧ་	ཧ་	NOUN
བྱ་	བྱ་	VERB
བརྟ་	བརྟ་	NO_POS
ནི་	ནི་	NO_POS
ཀཱ་	ཀཱ་	NO_POS
རི་	རི་	NOUN
ཀཱ་	ཀཱ་	NO_POS
ནཱ་མ་	ནཱ་མ་	NO_POS
།		PUNCT
བོད་སྐད་	བོད་སྐད་	PROPN
དུ་	ལ་	PART
།		PUNCT
རྩོད་པ་	རྩོད་པ་	VERB
བཟློག་པ་	བཟློག་པ་	VERB
འི་	གི་	PART
ཚིག་ལེའུ་	ཚིག་ལེའུ་	OTHER
ར་	ལ་	PART
བྱས་པ་	བྱས་པ་	VERB
ཞེ་	ཅེས་	PART
བྱ་བ་	བྱ་བ་	VERB
།		PUNCT
འཇམ་དཔལ་	འཇམ་དཔལ་	PROPN
གཞོན་ནུ་	གཞོན་ནུ་	ADJ
ར་	ལ་	PART
གྱུར་པ་	གྱུར་པ་	VERB
ལ་	ལ་	PART
ཕྱག་	ཕྱག་	NOUN
འཚལ་	འཚལ་	VERB
ལོ་	གོ་	PART
། །		PUNCT
གལ་ཏེ་	གལ་ཏེ་	NO_POS
དངོས་པོ་	དངོས་པོ་	NOUN
ཐམས་ཅད་	ཐམས་ཅད་	DET
ཀྱི་	གི་	PART
། །		PUNCT
རང་བཞིན་	རང་བཞིན་	NOUN
ཀུན་	ཀུན་	DET
ལ་	ལ་	PART
ཡོད་	ཡོད་	VERB
མིན་	མིན་	AUX
ན་	ལ་	PART
། །		PUNCT
ཁྱོད་	ཁྱོད་	PRON
ཀྱི་	གི་	PART
ཚིག་	ཚིག་	NOUN
ཀྱང་	ཀྱང་	PART
རང་བཞིན་	རང་བཞིན་	NOUN
མེད་	མེད་	VERB
། །		PUNCT
རང་བཞིན་	རང་བཞིན་	NOUN
བཟློག་པ་	བཟློག་པ་	VERB
ར་	ལ་	PART
མི་	མི་	PART
ནུས་	ནུས་	VERB
སོ་	གོ་	PART
། །		PUNCT
འོན་ཏེ་	འོན་ཏེ་	NO_POS
ཚིག་	ཚིག་	NOUN
དེ་	སྟེ་	PART
རང་བཞིན་	རང་བཞིན་	NOUN
བཅའ་	བཅའ་	VERB
། །		PUNCT
ཁྱོད་	ཁྱོད་	PRON
ཀྱི་	གི་	PART
དམ་བཅའ་	དམ་བཅའ་	NOUN
སྔ་མ་	སྔ་མ་	ADJ
ཉམས་	ཉམས་	NOUN
། །		PUNCT
མི་	མི་	PART
འདྲ་	འདྲ་	VERB
ཉིད་	ཉིད་	DET
དེ་དེ་	དེ་དེ་	NO_POS
ཡིན་	ཡིན་	NO_POS
ན་	ལ་	PART
། །		PUNCT
ཁྱད་པར་	ཁྱད་པར་	NOUN
གཏན་ཚིགས་	གཏན་ཚིགས་	NOUN
བརྗོད་པ་	བརྗོད་པ་	VERB
ར་	ལ་	PART
གྱིས་	གིས་	PART
། །		PUNCT
དེ་སྒྲ་	དེ་སྒྲ་	NO_POS
མ་	མ་	PART
འབྱིན་	འབྱིན་	VERB
ལྟ་བུ་	ལྟ་བུ་	NOUN
འོ་	གོ་	PART
ཞེ་	ཅེས་	PART
། །		PUNCT
ཁྱོད་	ཁྱོད་	PRON
བློ་	བློ་	NOUN
སེམས་	སེམས་	NOUN
ན་	ལ་	PART
དེ་	སྟེ་	PART
མི་	མི་	PART
འཐད་	འཐད་	VERB
། །		PUNCT
འདི་	འདི་	DET
ལ་	ལ་	PART
སྒྲ་	སྒྲ་	NOUN
ནི་	ནི་	NO_POS
ཡོད་པ་	ཡོད་པ་	VERB
ཡི་	གིས་	PART
། །		PUNCT
འབྱུང་བ་	འབྱུང་བ་	VERB
ར་	ལ་	PART
འགྱུར་བ་	འགྱུར་བ་	VERB
དེ་	སྟེ་	PART
བཟློག་	བཟློག་	VERB
ཡིན་	ཡིན་	NO_POS
། །		PUNCT
འགོག་པ་	འགོག་པ་	VERB
འི་	གི་	PART
འགོག་པ་	འགོག་པ་	VERB
འང་	ཀྱང་	PART
དེ་ལྟ་	དེ་ལྟ་	NO_POS
ཞེ་	ཅེས་	PART
། །		PUNCT
འདོད་	འདོད་	VERB
ན་	ལ་	PART
དེ་ཡང་	དེ་ཡང་	ADV
བཟང་	བཟང་	VERB
མིན་	མིན་	AUX
ཏེ་	སྟེ་	PART
། །		PUNCT
ཁྱོད་	ཁྱོད་	PRON
ཀྱི་	གི་	PART
དམ་བཅ་	དམ་བཅའ་	NOUN
འི་	གི་	PART
མཚན་ཉིད་	མཚན་ཉིད་	NOUN
ལ་	ལ་	ADP
ས་	གིས་	PART
། །		PUNCT
དེ་ལྟ་	དེ་ལྟ་	NO_POS
སྐྱོན་	སྐྱོན་	NOUN
ཡོད་	ཡོད་	VERB
ངེད་	ངེད་	PRON
ལ་	ལ་	PART
མེད་	མེད་	VERB
། །		PUNCT
རེ་ཞིག་	རེ་ཞིག་	NO_POS
གལ་ཏེ་	གལ་ཏེ་	NO_POS
མངོན་སུམ་	མངོན་སུམ་	NOUN
གྱིས་	གིས་	PART
། །		PUNCT
དངོ་	དངོ་	NOUN
རྣམས་	རྣམས་	DET
དམིགས་	དམིགས་	VERB
ན་	ནས་	PART
ཟློག་	ཟློག་	VERB
བྱེད་པ་	བྱེད་པ་	VERB
། །		PUNCT
གང་	གང་	NO_POS
གིས་	གིས་	PART
དངོ་	དངོ་	NOUN
རྣམས་	རྣམས་	DET
དམིགས་	དམིགས་	VERB
འགྱུར་པ་	འགྱུར་པ་	VERB
། །		PUNCT
མངོན་སུམ་	མངོན་སུམ་	NOUN
དེ་	སྟེ་	PART
ནི་	ནི་	NO_POS
མེད་པ་	མེད་པ་	VERB
ཡིན་	ཡིན་	NO_POS
། །		PUNCT
རྗེས་དཔག་	རྗེས་དཔག་	OTHER
ལུང་	ལུང་	NOUN
དང་	དང་	NO_POS
དཔེ་	དཔེ་	NOUN
ར་	ལ་	PART
འཇལ་	འཇལ་	VERB
དང་	དང་	NO_POS
། །		PUNCT
རྗེས་དཔག་	རྗེས་དཔག་	OTHER
ལུང་	ལུང་	NOUN
གིས་	གིས་	PART
བསྒྲུབ་བྱ་	བསྒྲུབ་བྱ་	VERB
དང་	དང་	NO_POS
། །		PUNCT
དཔེ་	དཔེ་	NOUN
ས་	གིས་	PART
བསྒྲུབ་བྱ་བ་	བསྒྲུབ་བྱ་བ་	VERB
འི་	གི་	PART
དོན་	དོན་	NOUN
གང་ཡིན་	གང་ཡིན་	NO_POS
། །		PUNCT
མངོན་སུམ་	མངོན་སུམ་	NOUN
གྱིས་	གིས་	PART
ནི་	ནི་	NO_POS
ལན་	ལན་	NOUN
བཏབ་བོ་	བཏབ་བོ་	VERB
། །		PUNCT
སྐྱེ་བོ་	སྐྱེ་བོ་	NOUN
ཆོ་	ཆོ་	NOUN
ཀྱི་	གི་	PART
གནས་སྐབས་	གནས་སྐབས་	NOUN
མཁའ་	མཁའ་	VERB
། །		PUNCT
དགེ་བ་	དགེ་བ་	VERB
དག་	དག་	DET
གི་	གི་	PART
ཆོ་	ཆོ་	NOUN
རྣམས་	རྣམས་	DET
ལ་	ལ་	PART
། །		PUNCT
དགེ་བ་	དགེ་བ་	VERB
འི་	གི་	PART
རང་བཞིན་	རང་བཞིན་	NOUN
ཡིན་པ་	ཡིན་པ་	AUX
ར་	ལ་	PART
ནི་	ནི་	NO_POS
། །		PUNCT
སེམས་	སེམས་	NOUN
ཤིང་	ཅིང་	PART
ལྷག་མ་	ལྷག་མ་	NOUN
རྣམས་	རྣམས་	DET
ལ་	ལ་	PART
ཡང་	ཀྱང་	PART
། །		PUNCT
གང་དག་	གང་དག་	NO_POS
ངེས་པ་		
འབྱིན་པ་	འབྱིན་པ་	VERB
འི་	གི་	PART
ཆོ་	ཆོ་	NOUN
། །		PUNCT
ཆོ་	ཆོ་	NOUN
ཀྱི་	གི་	PART
གནས་སྐབས་	གནས་སྐབས་	NOUN
གསུངས་	གསུངས་	VERB
དེ་	སྟེ་	PART
རྣམས་	རྣམས་	DET
། །		PUNCT
ངེས་པ་		
འབྱིན་པ་	འབྱིན་པ་	VERB
འི་	གི་	PART
རང་བཞིན་	རང་བཞིན་	NOUN
ཉིད་	ཉིད་	DET
། །		PUNCT
རང་བཞིན་	རང་བཞིན་	NOUN
ངེས་འབྱིན་	ངེས་འབྱིན་	NOUN
མིན་	མིན་	AUX
ལ་སོགས་	ལ་སོགས་	NO_POS
། །		PUNCT
གལ་ཏེ་	གལ་ཏེ་	NO_POS
ཆོ་	ཆོ་	NOUN
རྣམས་	རྣམས་	DET
རང་བཞིན་	རང་བཞིན་	NOUN
མེད་	མེད་	VERB
། །		PUNCT
རང་བཞིན་	རང་བཞིན་	NOUN
མེད་	མེད་	VERB
ཅེས་བྱ་བ་	ཅེས་བྱ་བ་	NO_POS
ཡིན་	ཡིན་	NO_POS
། །		PUNCT
མིང་	མིང་	NOUN
ཡང་	ཀྱང་	PART
དེ་བཞིན་	དེ་བཞིན་	OTHER
མེད་	མེད་	VERB
འགྱུར་	འགྱུར་	VERB
ཞིང་	ཅིང་	PART
། །		PUNCT
གཞི་མེད་	གཞི་མེད་	ADJ
མིང་	མིང་	NOUN
ནི་	ནི་	NO_POS
མེད་	མེད་	VERB
ཕྱི་	ཕྱི་	OTHER
རོ་	རོ་	NOUN
། །		PUNCT
འོན་ཏེ་	འོན་ཏེ་	NO_POS
རང་བཞིན་	རང་བཞིན་	NOUN
ཡོད་	ཡོད་	VERB
མོད་	མོད་	VERB
ཀྱི་	གི་	PART
། །		PUNCT
དེ་	སྟེ་	PART
ནི་	ནི་	NO_POS
ཆོ་	ཆོ་	NOUN
རྣམས་	རྣམས་	DET
ལ་	ལ་	PART
མེད་	མེད་	VERB
ན་	ལ་	PART
། །		PUNCT
དེ་ཕྱིར་	དེ་ཕྱིར་	NO_POS
ཆོ་	ཆོ་	NOUN
རྣམས་	རྣམས་	DET
སྤངས་པ་	སྤངས་པ་	VERB
ཡི་	གི་	PART
། །		PUNCT
རང་བཞིན་	རང་བཞིན་	NOUN
གང་དེ་	གང་དེ་	NO_POS
བསྟན་པ་	བསྟན་པ་	VERB
ར་	ལ་	PART
རིགས་	རིགས་	NOUN
། །		PUNCT
གང་	གང་	NO_POS
ཕྱི་	ཕྱི་	OTHER
ཁྱིམ་	ཁྱིམ་	NOUN
ན་	ལ་	PART
བུམ་པ་	བུམ་པ་	NOUN
མེད་	མེད་	VERB
། །		PUNCT
ཅེས་	ཅེས་	PART
བྱ་	བྱ་	VERB
འི་	གི་	PART
འགོག་པ་	འགོག་པ་	VERB
ཡོད་	ཡོད་	VERB
ཉིད་	ཉིད་	DET
ལ་	ལ་	PART
། །		PUNCT
མཐོང་བ་	མཐོང་བ་	VERB
དེ་ཕྱིར་	དེ་ཕྱིར་	NO_POS
ཁྱོད་	ཁྱོད་	PRON
ཀྱི་	གི་	PART
ཡང་	ཀྱང་	PART
། །		PUNCT
འགོག་	འགོག་	NO_POS
འདི་	འདི་	DET
ཡོད་	ཡོད་	VERB
ལ་	ལ་	PART
རང་བཞིན་	རང་བཞིན་	NOUN
ཡིན་	ཡིན་	NO_POS
། །		PUNCT
ཅི་སྟེ་	ཅི་སྟེ་	NO_POS
རང་བཞིན་	རང་བཞིན་	NOUN
དེ་	སྟེ་	PART
མེད་	མེད་	VERB
ན་	ལ་	PART
། །		PUNCT
ཁྱོད་	ཁྱོད་	PRON
ཀྱི་	གི་	PART
ཚིག་	ཚིག་	NOUN
འདི་	འདི་	DET
ས་	གིས་	PART
ཅི་ཞིག་	ཅི་ཞིག་	NO_POS
༼		PUNCT
		
༽		PUNCT
དགག་	དགག་	VERB
།		PUNCT
ཚིག་	ཚིག་	NOUN
མེད་པ་	མེད་པ་	VERB
ར་	ལ་	PART
ཡང་	ཀྱང་	PART
མེད་པ་	མེད་པ་	VERB
ཡི་	གི་	PART
། །		PUNCT
འགོག་པ་	འགོག་པ་	VERB
རབ་ཏུ་	རབ་ཏུ་	NO_POS
གྲུབ་པ་	གྲུབ་པ་	VERB
ཡིན་	ཡིན་	NO_POS
། །		PUNCT
བྱིས་པ་	བྱིས་པ་	NOUN
རྣམས་	རྣམས་	DET
ཀྱིས་	གིས་	PART
སྨིག་རྒྱུ་	སྨིག་རྒྱུ་	NOUN
ལ་	ལ་	PART
། །		PUNCT
ཇི་ལྟ་		
ཆུ་	ཆུ་	NOUN
ཞེ་	ཅེས་	PART
ལོག་	ལོག་	VERB
འཛིན་	འཛིན་	VERB
ལྟ་	ལྟ་	OTHER
། །		PUNCT
དེ་བཞིན་	དེ་བཞིན་	OTHER
ཁྱོད་	ཁྱོད་	PRON
ཀྱིས་	གིས་	PART
ཡོད་	ཡོད་	VERB
མིན་	མིན་	AUX
ལ་	ལ་	PART
། །		PUNCT
ལོག་པ་	ལོག་པ་	VERB
ར་	ལ་	PART
འཛིན་པ་	འཛིན་པ་	VERB
འགོག་	འགོག་	NO_POS
བྱེད་	བྱེད་	VERB
ན་	ལ་	PART
། །		PUNCT
དེ་ལྟ་ན་	དེ་ལྟ་ན་	NO_POS
ནི་	ནི་	NO_POS
འཛིན་པ་	འཛིན་པ་	VERB
དང་	དང་	NO_POS
། །		PUNCT
གཟུང་	གཟུང་	VERB
དང་	དང་	NO_POS
དེ་	སྟེ་	PART
ཡི་	གི་	PART
འཛིན་པོ་	འཛིན་པོ་	VERB
དང་	དང་	NO_POS
། །		PUNCT
འགོག་	འགོག་	NO_POS
དང་	དང་	NO_POS
འགོག་	འགོག་	NO_POS
བྱ་	བྱ་	VERB
འགོག་པ་པོ་	འགོག་པ་པོ་	VERB
། །		PUNCT
དེ་	སྟེ་	PART
དྲུག་	དྲུག་	NUM
ཡོད་པ་	ཡོད་པ་	VERB
མ་	མ་	PART
ཡིན་	ཡིན་	NO_POS
ནམ་	གམ་	PART
། །		PUNCT
ཅི་སྟེ་	ཅི་སྟེ་	NO_POS
འཛིན་པ་	འཛིན་པ་	VERB
ཡོད་	ཡོད་	VERB
མིན་	མིན་	AUX
ཞིང་	ཅིང་	PART
། །		PUNCT
གཟུང་	གཟུང་	VERB
མེད་	མེད་	VERB
འཛིན་པ་པོ་	འཛིན་པ་པོ་	VERB
མེད་	མེད་	VERB
ན་	ལ་	PART
། །		PUNCT
འོ་ན་	འོ་ན་	NO_POS
འགོག་	འགོག་	NO_POS
དང་	དང་	NO_POS
དགག་བྱ་	དགག་བྱ་	VERB
དང་	དང་	NO_POS
། །		PUNCT
འགོག་པ་པོ་	འགོག་པ་པོ་	VERB
ཡང་	ཀྱང་	PART
ཡོད་	ཡོད་	VERB
མ་	མ་	PART
ཡིན་	ཡིན་	NO_POS
། །		PUNCT
གལ་ཏེ་	གལ་ཏེ་	NO_POS
འགོག་	འགོག་	NO_POS
དང་	དང་	NO_POS
དགག་བྱ་	དགག་བྱ་	VERB
དང་	དང་	NO_POS
། །		PUNCT
འགོག་པ་པོ་	འགོག་པ་པོ་	VERB
ཡང་	ཀྱང་	PART
ཡོད་	ཡོད་	VERB
མིན་	མིན་	AUX
ན་	ལ་	PART
། །		PUNCT
དངོས་པོ་	དངོས་པོ་	NOUN
ཀུན་	ཀུན་	DET
དང་	དང་	NO_POS
དེ་	སྟེ་	PART
རྣམས་	རྣམས་	DET
ཀྱི་	གི་	PART
། །		PUNCT
རང་བཞིན་	རང་བཞིན་	NOUN
ཉིད་	ཉིད་	DET
ཀྱང་	ཀྱང་	PART
གྲུབ་པ་	གྲུབ་པ་	VERB
ཡིན་	ཡིན་	NO_POS
། །		PUNCT
ཁྱེད་	ཁྱེད་	PRON
ལ་	ལ་	PART
གཏན་ཚིགས་	གཏན་ཚིགས་	NOUN
མི་	མི་	PART
འགྲུབ་	འགྲུབ་	VERB
སྟེ་	སྟེ་	PART
། །		PUNCT
རང་བཞིན་	རང་བཞིན་	NOUN
མེད་	མེད་	VERB
ཕྱི་	ཕྱི་	OTHER
ཁྱོད་	ཁྱོད་	PRON
ཀྱི་	གི་	PART
རྟགས་	རྟགས་	NOUN
། །		PUNCT
གལ་ཏེ་	གལ་ཏེ་	NO_POS
ཡོད་	ཡོད་	VERB
དེ་	སྟེ་	PART
ཁྱོད་	ཁྱོད་	PRON
དོན་	དོན་	NOUN
དེ་	སྟེ་	PART
། །		PUNCT
གཏན་ཚིགས་	གཏན་ཚིགས་	NOUN
མེད་	མེད་	VERB
ཕྱི་	ཕྱི་	OTHER
འགྲུབ་	འགྲུབ་	VERB
མི་	མི་	PART
འཐད་	འཐད་	VERB
། །		PUNCT
ཁྱོད་	ཁྱོད་	PRON
ལ་	ལ་	PART
གཏན་ཚིགས་	གཏན་ཚིགས་	NOUN
མེད་པ་	མེད་པ་	VERB
ར་	ལ་	PART
ཡང་	ཀྱང་	PART
། །		PUNCT
རང་བཞིན་	རང་བཞིན་	NOUN
བཟློག་པ་	བཟློག་པ་	VERB
གྲུབ་	གྲུབ་	VERB
ཡིན་	ཡིན་	NO_POS
ན་	ལ་	PART
། །		PUNCT
ང་	ང་	PRON
ལ་	ལ་	ADP
འང་	ཀྱང་	PART
གཏན་ཚིགས་	གཏན་ཚིགས་	NOUN
མེད་པ་	མེད་པ་	VERB
ནི་	ནི་	NO_POS
། །		PUNCT
རང་བཞིན་	རང་བཞིན་	NOUN
ཡོད་པ་	ཡོད་པ་	VERB
ཉིད་	ཉིད་	DET
དུ་	ལ་	PART
འགྲུབ་	འགྲུབ་	VERB
། །		PUNCT
ཅི་སྟེ་	ཅི་སྟེ་	NO_POS
གཏན་ཚིགས་	གཏན་ཚིགས་	NOUN
ཡོད་	ཡོད་	VERB
ན་	ལ་	PART
དངོ་	དངོ་	NOUN
། །		PUNCT
རང་བཞིན་	རང་བཞིན་	NOUN
མེད་	མེད་	VERB
ཅེས་	ཅེས་	PART
བྱ་	བྱ་	VERB
མི་	མི་	PART
འཐད་	འཐད་	VERB
། །		PUNCT
སྲིད་	སྲིད་	NOUN
ན་	ལ་	PART
རང་བཞིན་	རང་བཞིན་	NOUN
མེད་པ་	མེད་པ་	VERB
ཡི་	གི་	PART
། །		PUNCT
དངོ་	དངོ་	NOUN
འགའ་	འགའ་	DET
ཡོད་པ་	ཡོད་པ་	VERB
མ་	མ་	PART
ཡིན་	ཡིན་	NO_POS
ནོ་	གོ་	PART
། །		PUNCT
གང་	གང་	NO_POS
ལ་	ལ་	PART
རང་བཞིན་	རང་བཞིན་	NOUN
ཡོད་	ཡོད་	VERB
མིན་པ་	མིན་པ་	VERB
འི་	གི་	PART
། །		PUNCT
འགོག་པ་	འགོག་པ་	VERB
གལ་ཏེ་	གལ་ཏེ་	NO_POS
སྔ་	སྔ་	ADV
འགྱུར་	འགྱུར་	VERB
ཞིང་	ཅིང་	PART
། །		PUNCT
དགག་བྱ་	དགག་བྱ་	VERB
ཕྱི་	ཕྱི་	NOUN
ཞེ་	ཅེས་	PART
འཐད་	འཐད་	VERB
མིན་	མིན་	AUX
ལ་	ལ་	PART
། །		PUNCT
ཕྱི་	ཕྱི་	VERB
དང་	དང་	NO_POS
ཅིག་ཅར་	ཅིག་ཅར་	ADV
ཡང་	ཀྱང་	PART
མི་	མི་	PART
འཐད་	འཐད་	VERB
། །		PUNCT
གལ་ཏེ་	གལ་ཏེ་	NO_POS
ང་	ང་	PRON
འི་	གི་	PART
ཚིག་	ཚིག་	NOUN
རྒྱུ་རྐྱེན་	རྒྱུ་རྐྱེན་	OTHER
དང་	དང་	NO_POS
། །		PUNCT
ཚོགས་	ཚོགས་	NOUN
དངོ་	དངོ་	NOUN
སོ་སོ་	སོ་སོ་	PRON
ལ་	ལ་	PART
ཡང་	ཀྱང་	PART
མེད་	མེད་	VERB
། །		PUNCT
འོ་ན་	འོ་ན་	NO_POS
དངོ་	དངོ་	NOUN
རྣམས་	རྣམས་	DET
སྟོང་	སྟོང་	NUM
གྲུབ་	གྲུབ་	VERB
སྟེ་	སྟེ་	PART
། །		PUNCT
རང་བཞིན་	རང་བཞིན་	NOUN
མེད་པ་	མེད་པ་	VERB
ཉིད་	ཉིད་	DET
ཕྱི་	ཕྱི་	OTHER
རོ་	རོ་	NOUN
། །		PUNCT
རྟེན་	རྟེན་	NOUN
རྣམས་	རྣམས་	DET
འབྱུང་བ་	འབྱུང་བ་	VERB
འི་	གི་	PART
དངོ་	དངོ་	NOUN
རྣམས་	རྣམས་	DET
གང་	གང་	NO_POS
། །		PUNCT
དེ་	སྟེ་	PART
ནི་	ནི་	NO_POS
སྟོང་ཉིད་	སྟོང་ཉིད་	NOUN
ཅེས་	ཅེས་	PART
བརྗོད་	བརྗོད་	VERB
དེ་	སྟེ་	PART
། །		PUNCT
གང་ཞིག་	གང་ཞིག་	NO_POS
བརྟེན་	བརྟེན་	VERB
ན་	ནས་	PART
འབྱུང་བ་	འབྱུང་བ་	VERB
དེ་	སྟེ་	PART
། །		PUNCT
རང་བཞིན་	རང་བཞིན་	NOUN
མེད་པ་	མེད་པ་	VERB
ཉིད་	ཉིད་	DET
ཡིན་	ཡིན་	NO_POS
ནོ་	གོ་	PART
། །		PUNCT
སྤྲུལ་པ་	སྤྲུལ་པ་	VERB
ཡི་	གིས་	PART
ནི་	ནི་	NO_POS
སྤྲུལ་པ་	སྤྲུལ་པ་	VERB
དང་	དང་	NO_POS
། །		PUNCT
སྒྱུ་མ་	སྒྱུ་མ་	NOUN
ཡི་	གིས་	PART
ནི་	ནི་	NO_POS
སྐྱེས་བུ་	སྐྱེས་བུ་	NOUN
ཡི་	གི་	PART
། །		PUNCT
སྒྱུ་མ་	སྒྱུ་མ་	NOUN
ས་	གིས་	PART
ཕྱུང་	ཕྱུང་	VERB
ལ་	ལ་	PART
འགོག་	འགོག་	NO_POS
བྱེད་	བྱེད་	VERB
ལྟ་	ལྟ་	OTHER
། །		PUNCT
འགོག་པ་	འགོག་པ་	VERB
འདི་	འདི་	DET
ཡང་	ཀྱང་	PART
དེ་བཞིན་	དེ་བཞིན་	OTHER
འགྱུར་	འགྱུར་	VERB
། །		PUNCT
ང་	ང་	PRON
ཡི་	གི་	PART
ཚིག་	ཚིག་	NOUN
དེ་	སྟེ་	PART
རང་བཞིན་	རང་བཞིན་	NOUN
མེད་	མེད་	VERB
། །		PUNCT
དེ་ཕྱིར་	དེ་ཕྱིར་	NO_POS
ང་	ང་	PRON
ཡི་	གི་	PART
ཕྱོགས་	ཕྱོགས་	NOUN
མཉམ་	མཉམ་	VERB
ལ་	ལ་	PART
། །		PUNCT
མི་	མི་	PART
འདྲ་	འདྲ་	VERB
ཉིད་	ཉིད་	DET
ཀྱང་	ཀྱང་	PART
མེད་པ་	མེད་པ་	VERB
ས་	གིས་	PART
ན་	ལ་	PART
། །		PUNCT
གཏན་ཚིགས་	གཏན་ཚིགས་	NOUN
ཁྱད་པར་	ཁྱད་པར་	NOUN
བརྗོད་	བརྗོད་	VERB
མི་	མི་	PART
བྱ་	བྱ་	VERB
། །		PUNCT
སྒྲ་	སྒྲ་	NOUN
མ་	མ་	PART
འབྱིན་	འབྱིན་	VERB
བྱ་	བྱ་	VERB
བཞིན་	བཞིན་	NOUN
ཞེ་ན་	ཅེ་ན་	PART
། །		PUNCT
ཁྱོད་	ཁྱོད་	PRON
ཀྱིས་	གིས་	PART
གང་	གང་	NO_POS
བརྩམས་	བརྩམས་	VERB
དཔེ་	དཔེ་	NOUN
འདི་	འདི་	DET
མིན་	མིན་	AUX
། །		PUNCT
དེ་	སྟེ་	PART
ནི་སྒྲ་	ནི་སྒྲ་	NO_POS
ཡི་	གིས་	PART
སྒྲ་	སྒྲ་	NOUN
བཟློག་	བཟློག་	VERB
ལ་	ལ་	PART
། །		PUNCT
འདི་	འདི་	DET
ར་	ལ་	PART
ནི་	ནི་	NO_POS
དེ་ལྟ་	དེ་ལྟ་	NO_POS
མ་	མ་	PART
ཡིན་	ཡིན་	NO_POS
ནོ་	གོ་	PART
། །		PUNCT
གལ་ཏེ་	གལ་ཏེ་	NO_POS
རང་བཞིན་	རང་བཞིན་	NOUN
མེད་	མེད་	VERB
ཉིད་	ཉིད་	DET
ཀྱིས་	གིས་	PART
། །		PUNCT
ཅི་སྟེ་	ཅི་སྟེ་	NO_POS
རང་བཞིན་	རང་བཞིན་	NOUN
མེད་པ་	མེད་པ་	VERB
བཟློག་	བཟློག་	VERB
།		PUNCT
རང་བཞིན་	རང་བཞིན་	NOUN
མེད་པ་	མེད་པ་	VERB
ཉིད་	ཉིད་	DET
ལོག་	ལོག་	VERB
ན་	ལ་	PART
། །		PUNCT
རང་བཞིན་	རང་བཞིན་	NOUN
ཉིད་	ཉིད་	DET
དུ་	ལ་	PART
རབ་	རབ་	ADV
འགྲུབ་	འགྲུབ་	VERB
འགྱུར་	འགྱུར་	VERB
། །		PUNCT
ཡང་ན་	ཡང་ན་	NO_POS
ཁ་ཅིག་	ཁ་ཅིག་	PRON
སྤྲུལ་པ་	སྤྲུལ་པ་	VERB
ཡི་	གི་	PART
། །		PUNCT
བུད་མེད་	བུད་མེད་	NOUN
ལ་	ལ་	PART
ནི་	ནི་	NO_POS
བུད་མེད་	བུད་མེད་	NOUN
སྙམ་	སྙམ་	VERB
། །		PUNCT
ལོག་	ལོག་	VERB
འཛིན་	འཛིན་	VERB
འབྱུང་	འབྱུང་	VERB
ལ་	ལ་	PART
སྤྲུལ་པ་	སྤྲུལ་པ་	VERB
ཡི་	གིས་	PART
། །		PUNCT
འགོག་	འགོག་	NO_POS
བྱེད་	བྱེད་	VERB
དེ་	སྟེ་	PART
ནི་	ནི་	NO_POS
དེ་ལྟ་	དེ་ལྟ་	NO_POS
ཡིན་	ཡིན་	NO_POS
། །		PUNCT
ཡང་ན་	ཡང་ན་	NO_POS
རྟགས་	རྟགས་	NOUN
འདི་	འདི་	DET
བསྒྲུབ་བྱ་	བསྒྲུབ་བྱ་	VERB
དང་	དང་	NO_POS
། །		PUNCT
མཚུངས་	མཚུངས་	VERB
ཏེ་	སྟེ་	PART
གང་	གང་	NO_POS
ཕྱི་	ཕྱི་	OTHER
སྒྲ་	སྒྲ་	NOUN
ཡོད་	ཡོད་	VERB
མིན་	མིན་	AUX
། །		PUNCT
ཐ་སྙད་	ཐ་སྙད་	NOUN
ཁ་	ཁ་	PRON
ས་	གིས་	PART
ནི་	ནི་	NO_POS
༼		PUNCT
		
༽		PUNCT
མ་	མ་	PART
བླངས་པ་	བླངས་པ་	VERB
ར་	ལ་	PART
། །		PUNCT
ངེད་	ངེད་	PRON
ཅག་	ཅག་	NO_POS
འཆད་པ་	འཆད་པ་	VERB
ར་	ལ་	PART
མི་	མི་	PART
བྱེད་	བྱེད་	VERB
དོ་	གོ་	PART
། །		PUNCT
གལ་ཏེ་	གལ་ཏེ་	NO_POS
ང་	ང་	OTHER
དམ་བཅ་	དམ་བཅའ་	NOUN
ས་	གིས་	PART
འགའ་	འགའ་	DET
ཡོད་	ཡོད་	VERB
། །		PUNCT
དེས་ན་	དེས་ན་	NO_POS
ང་	ང་	PRON
ལ་	ལ་	PART
སྐྱོན་	སྐྱོན་	NOUN
དེ་	སྟེ་	PART
ཡོད་	ཡོད་	VERB
། །		PUNCT
ང་	ང་	PRON
ལ་	ལ་	PART
དམ་བཅའ་	དམ་བཅའ་	NOUN
མེད་པ་	མེད་པ་	VERB
ས་	གིས་	PART
ན་	ལ་	PART
། །		PUNCT
ང་	ང་	PRON
ལ་	ལ་	PART
སྐྱོན་མེད་	སྐྱོན་མེད་	ADJ
ཁོ་ན་	ཁོ་ན་	DET
ཡིན་	ཡིན་	NO_POS
། །		PUNCT
གལ་ཏེ་	གལ་ཏེ་	NO_POS
མངོན་སུམ་	མངོན་སུམ་	NOUN
ལ་སོགས་པ་	ལ་སོགས་པ་	NO_POS
འི་	གི་	PART
། །		PUNCT
དོན་	དོན་	NOUN
གྱིས་	གིས་	PART
འགའ་ཞིག་	འགའ་ཞིག་	OTHER
དམིགས་	དམིགས་	VERB
ན་	ལ་	PART
ནི་	ནི་	NO_POS
། །		PUNCT
བསྒྲུབ་པ་	བསྒྲུབ་པ་	VERB
འམ་	གམ་	PART
བཟློག་པ་	བཟློག་པ་	VERB
ར་	ལ་	PART
བྱ་ན་	བྱ་ན་	NOUN
དེ་	སྟེ་	PART
། །		PUNCT
མེད་	མེད་	VERB
ཕྱི་	ཕྱི་	OTHER
ང་	ང་	PRON
ལ་	ལ་	PART
ཀླན་ཀ་	ཀླན་ཀ་	NOUN
མེད་	མེད་	VERB
། །		PUNCT
གལ་ཏེ་	གལ་ཏེ་	NO_POS
ཁྱོད་	ཁྱོད་	PRON
ཀྱི་	གི་	PART
དོན་	དོན་	NOUN
དེ་	སྟེ་	PART
རྣམས་	རྣམས་	DET
། །		PUNCT
ཚད་མ་	ཚད་མ་	NOUN
ཉིད་	ཉིད་	DET
ཀྱིས་	གིས་	PART
རབ་	རབ་	ADV
བསྒྲུབས་	བསྒྲུབས་	VERB
ན་	ལ་	PART
། །		PUNCT
ཁྱོད་	ཁྱོད་	PRON
ཀྱིས་	གིས་	PART
ཚད་མ་	ཚད་མ་	NOUN
དེ་	སྟེ་	PART
རྣམས་	རྣམས་	DET
ཀྱང་	ཀྱང་	PART
། །		PUNCT
ཇི་ལྟ་		
རབ་ཏུ་	རབ་ཏུ་	NO_POS
འགྲུབ་པ་	འགྲུབ་པ་	VERB
སྤྲོས་	སྤྲོས་	VERB
། །		PUNCT
གལ་ཏེ་	གལ་ཏེ་	NO_POS
ཚད་མ་	ཚད་མ་	NOUN
གཞན་	གཞན་	DET
རྣམས་	རྣམས་	DET
ཀྱིས་	གིས་	PART
། །		PUNCT
གྲུབ་བོ་	གྲུབ་བོ་	VERB
སྙམ་	སྙམ་	VERB
ན་	ལ་	PART
ཐུག་པ་	ཐུག་པ་	VERB
མེད་	མེད་	VERB
། །		PUNCT
དེ་ཡང་	དེ་ཡང་	ADV
དང་པོ་	དང་པོ་	ADJ
འགྲུབ་	འགྲུབ་	VERB
མིན་	མིན་	AUX
ལ་	ལ་	PART
། །		PUNCT
བར་མ་	བར་མ་	ADJ
མིན་	མིན་	AUX
ཞིང་	ཅིང་	PART
ཐ་མ་	ཐ་མ་	ADJ
འང་	ཀྱང་	PART
མིན་	མིན་	AUX
། །		PUNCT
འོན་ཏེ་	འོན་ཏེ་	NO_POS
ཚད་མ་	ཚད་མ་	NOUN
མེད་པ་	མེད་པ་	VERB
ར་	ལ་	PART
ཡང་	ཀྱང་	PART
། །		PUNCT
དེ་	སྟེ་	PART
རྣམས་	རྣམས་	DET
གྲུབ་	གྲུབ་	VERB
ན་	ལ་	PART
སྨྲ་བ་	སྨྲ་བ་	VERB
ཉམས་	ཉམས་	NOUN
། །		PUNCT
མི་	མི་	PART
འདྲ་	འདྲ་	VERB
ཉིད་	ཉིད་	DET
དེ་དེ་	དེ་དེ་	NO_POS
ཡིན་	ཡིན་	NO_POS
ན་	ལ་	PART
། །		PUNCT
གཏན་ཚིགས་	གཏན་ཚིགས་	NOUN
ཁྱད་པར་	ཁྱད་པར་	NOUN
སྨྲ་བ་	སྨྲ་བ་	VERB
ར་	ལ་	PART
གྱིས་	གིས་	PART
། །		PUNCT
ཇི་ལྟ་		
མེ་	མེ་	NOUN
ཡི་	གིས་	PART
གཞན་	གཞན་	DET
བདག་ཉིད་	བདག་ཉིད་	NOUN
། །		PUNCT
གསལ་བྱེད་	གསལ་བྱེད་	NOUN
དེ་བཞིན་	དེ་བཞིན་	OTHER
རང་བདག་	རང་བདག་	NO_POS
ལྟ་	ལྟ་	OTHER
། །		PUNCT
དེ་བཞིན་	དེ་བཞིན་	OTHER
ཚད་མ་	ཚད་མ་	NOUN
རྣམས་	རྣམས་	DET
ཀྱང་	ཀྱང་	PART
ནི་	ནི་	NO_POS
། །		PUNCT
རང་བཞིན་	རང་བཞིན་	NOUN
བདག་ཉིད་	བདག་ཉིད་	NOUN
སྒྲུབ་	སྒྲུབ་	VERB
ཅེ་ན་	ཅེ་ན་	PART
། །		PUNCT
སྨྲས་པ་	སྨྲས་པ་	VERB
དེ་	སྟེ་	PART
ནི་	ནི་	NO_POS
མི་	མི་	PART
མཐུན་	མཐུན་	VERB
ཏེ་	སྟེ་	PART
། །		PUNCT
མུན་ཁུང་	མུན་ཁུང་	NOUN
ནང་	ནང་	NOUN
གི་	གི་	PART
བུམ་པ་	བུམ་པ་	NOUN
བཞིན་	བཞིན་	NOUN
། །		PUNCT
དེ་	སྟེ་	PART
ལ་	ལ་	PART
མི་	མི་	PART
དམིགས་	དམིགས་	VERB
མ་	མ་	PART
མཐོང་བ་	མཐོང་བ་	VERB
ས་	གིས་	PART
། །		PUNCT
མེ་	མེ་	NOUN
ནི་	ནི་	NO_POS
རང་ཉིད་	རང་ཉིད་	OTHER
གསལ་བྱེད་	གསལ་བྱེད་	NOUN
མིན་	མིན་	AUX
། །		PUNCT
གལ་ཏེ་	གལ་ཏེ་	NO_POS
ཁྱེད་	ཁྱེད་	PRON
ཀྱི་	གི་	PART
ཚིག་	ཚིག་	NOUN
གིས་	གིས་	PART
ནི་	ནི་	NO_POS
། །		PUNCT
མེ་	མེ་	NOUN
ཡི་	གིས་	PART
རང་བདག་	རང་བདག་	NO_POS
གསལ་བྱེད་	གསལ་བྱེད་	NOUN
ན་	ལ་	PART
། །		PUNCT
འོ་ན་	འོ་ན་	NO_POS
མེ་	མེ་	NOUN
ཡི་	གིས་	PART
གཞན་	གཞན་	DET
བཞིན་	བཞིན་	NOUN
དུ་	ལ་	PART
། །		PUNCT
རང་ཉིད་	རང་ཉིད་	OTHER
སྲེག་པ་	སྲེག་པ་	VERB
འང་	ཀྱང་	PART
བྱེད་པ་	བྱེད་པ་	VERB
ར་	ལ་	PART
འགྱུར་	འགྱུར་	VERB
། །		PUNCT
གལ་ཏེ་	གལ་ཏེ་	NO_POS
ཁྱོད་	ཁྱོད་	PRON
ཀྱི་	གི་	PART
ཚིག་	ཚིག་	NOUN
གིས་	གིས་	PART
ནི་	ནི་	NO_POS
། །		PUNCT
མེ་	མེ་	NOUN
ཡི་	གིས་	PART
རང་གཞན་	རང་གཞན་	NOUN
གསལ་བྱེད་	གསལ་བྱེད་	NOUN
ན་	ལ་	PART
། །		PUNCT
མེ་	མེ་	NOUN
བཞིན་	བཞིན་	NOUN
དུ་	ལ་	PART
ནི་	ནི་	NO_POS
མུན་པ་	མུན་པ་	NOUN
ཡང་	ཀྱང་	PART
། །		PUNCT
རང་གཞན་	རང་གཞན་	NOUN
བདག་ཉིད་	བདག་ཉིད་	NOUN
སྒྲིབ་པ་	སྒྲིབ་པ་	VERB
ར་	ལ་	PART
འགྱུར་	འགྱུར་	VERB
། །		PUNCT
འབར་བྱེད་	འབར་བྱེད་	NO_POS
དང་	དང་	NO_POS
ནི་	ནི་	NO_POS
གང་	གང་	NO_POS
གཞན་	གཞན་	DET
ན་	ལ་	PART
། །		PUNCT
མེ་	མེ་	NOUN
འདུག་པ་	འདུག་པ་	VERB
ན་	ལ་	PART
མུན་པ་	མུན་པ་	NOUN
མེད་	མེད་	VERB
། །		PUNCT
གསལ་བྱེད་	གསལ་བྱེད་	NOUN
དེ་	སྟེ་	PART
ནི་	ནི་	NO_POS
མུན་སེལ་	མུན་སེལ་	NOUN
ན་	ལ་	PART
། །		PUNCT
ཇི་ལྟ་		
གསལ་བ་	གསལ་བ་	VERB
ར་	ལ་	PART
བྱེད་པ་	བྱེད་པ་	VERB
ཡིན་	ཡིན་	NO_POS
། །		PUNCT
མེ་	མེ་	NOUN
འབྱུང་	འབྱུང་	VERB
ཉིད་	ཉིད་	DET
ན་	ལ་	PART
གསལ་བྱེད་པ་	གསལ་བྱེད་པ་	NOUN
། །		PUNCT
ཡང་དག་	ཡང་དག་	ADJ
མིན་པ་	མིན་པ་	VERB
ར་	ལ་	PART
སྨྲ་བ་	སྨྲ་བ་	VERB
སྟེ་	སྟེ་	PART
། །		PUNCT
མེ་	མེ་	NOUN
འབྱུང་	འབྱུང་	VERB
ཉིད་	ཉིད་	DET
ན་	ལ་	PART
མུན་པ་	མུན་པ་	NOUN
དང་	དང་	NO_POS
། །		PUNCT
ཕྲད་པ་	ཕྲད་པ་	VERB
མེད་པ་	མེད་པ་	VERB
ཁོ་ན་	ཁོ་ན་	DET
ཡིན་	ཡིན་	NO_POS
། །		PUNCT
ཡང་ན་	ཡང་ན་	NO_POS
མེ་	མེ་	NOUN
དང་	དང་	NO_POS
མ་	མ་	PART
ཕྲད་	ཕྲད་	VERB
ཀྱང་	ཀྱང་	PART
། །		PUNCT
མུན་པ་	མུན་པ་	NOUN
སེལ་བ་	སེལ་བ་	VERB
ར་	ལ་	PART
བྱེད་	བྱེད་	VERB
ན་	ལ་	PART
ནི་	ནི་	NO_POS
། །		PUNCT
འདི་	འདི་	DET
ན་	ལ་	PART
ཡོད་པ་	ཡོད་པ་	VERB
གང་ཡིན་པ་	གང་ཡིན་པ་	NO_POS
། །		PUNCT
འཇིག་རྟེན་	འཇིག་རྟེན་	NOUN
ཀུན་	ཀུན་	DET
གྱི་	གི་	PART
མུན་སེལ་	མུན་སེལ་	NOUN
འགྱུར་	འགྱུར་	VERB
། །		PUNCT
གལ་ཏེ་	གལ་ཏེ་	NO_POS
རང་	རང་	PRON
ལ་	ལ་	ADP
ས་	གིས་	PART
ཚད་མ་	ཚད་མ་	NOUN
གྲུབ་	གྲུབ་	VERB
། །		PUNCT
གཞལ་བྱ་	གཞལ་བྱ་	NOUN
རྣམས་	རྣམས་	DET
ལ་མ་	ལ་མ་	NO_POS
ལྟོས་པ་	ལྟོས་པ་	VERB
ར་	ལ་	PART
། །		PUNCT
ཁྱོད་	ཁྱོད་	PRON
ཀྱི་	གི་	PART
ཚད་མ་	ཚད་མ་	NOUN
གྲུབ་	གྲུབ་	VERB
འགྱུར་	འགྱུར་	VERB
འདི་	འདི་	DET
། །		PUNCT
རང་གྲུབ་	རང་གྲུབ་	NO_POS
གཞན་	གཞན་	DET
ལ་	ལ་	PART
ལྟོ་	ལྟོ་	VERB
མ་	མ་	PART
ཡིན་	ཡིན་	NO_POS
། །		PUNCT
གལ་ཏེ་	གལ་ཏེ་	NO_POS
གཞལ་བྱ་	གཞལ་བྱ་	NOUN
འི་	གི་	PART
དོན་	དོན་	NOUN
རྣམས་	རྣམས་	DET
ལ་	ལ་	PART
། །		PUNCT
མ་	མ་	PART
ལྟོ་	ལྟོ་	VERB
ཁྱོད་	ཁྱོད་	PRON
ཀྱི་	གི་	PART
ཚད་མ་	ཚད་མ་	NOUN
གྲུབ་	གྲུབ་	VERB
། །		PUNCT
དེ་ལྟ་	དེ་ལྟ་	NO_POS
ཚད་མ་	ཚད་མ་	NOUN
འདི་	འདི་	DET
རྣམས་	རྣམས་	DET
ནི་	ནི་	NO_POS
། །		PUNCT
གང་	གང་	NO_POS
གིའང་		NON_WORD
ཡིན་པ་	ཡིན་པ་	AUX
ར་	ལ་	PART
མི་	མི་	PART
འགྱུར་	འགྱུར་	VERB
རོ་	རོ་	NOUN
། །		PUNCT
འོན་ཏེ་	འོན་ཏེ་	NO_POS
ལྟོ་	ལྟོ་	VERB
ན་	ནས་	PART
དེ་	སྟེ་	PART
རྣམས་	རྣམས་	DET
འགྲུབ་	འགྲུབ་	VERB
། །		PUNCT
འདོད་	འདོད་	VERB
ན་	ལ་	PART
དེ་	སྟེ་	PART
ལ་	ལ་	PART
སྐྱོན་	སྐྱོན་	NOUN
ཅིར་	ཅིར་	NO_POS
འགྱུར་	འགྱུར་	VERB
། །		PUNCT
མ་	མ་	PART
གྲུབ་	གྲུབ་	VERB
གཞན་	གཞན་	DET
ལ་	ལ་	PART
མི་	མི་	PART
ལྟོས་པ་	ལྟོས་པ་	VERB
ས་	གིས་	PART
། །		PUNCT
གྲུབ་པ་	གྲུབ་པ་	VERB
སྒྲུབ་པ་	སྒྲུབ་པ་	VERB
ར་	ལ་	PART
བྱེད་པ་	བྱེད་པ་	VERB
ཡིན་	ཡིན་	NO_POS
། །		PUNCT
གལ་ཏེ་	གལ་ཏེ་	NO_POS
ཡོད་	ཡོད་	VERB
དེ་	སྟེ་	PART
གཞལ་བྱ་	གཞལ་བྱ་	NOUN
ལ་	ལ་	PART
། །		PUNCT
ལྟོ་	ལྟོ་	VERB
ན་	ནས་	PART
ཚད་མ་	ཚད་མ་	NOUN
འགྲུབ་	འགྲུབ་	VERB
ཡིན་	ཡིན་	NO_POS
ན་	ལ་	PART
། །		PUNCT
ཚད་མ་	ཚད་མ་	NOUN
རྣམས་	རྣམས་	DET
ལ་མ་	ལ་མ་	NO_POS
ལྟོ་	ལྟོ་	VERB
༼		PUNCT
		
༽		PUNCT
པ་	པ་	OTHER
ར་	ལ་	PART
། །		PUNCT
གཞལ་བ་	གཞལ་བ་	VERB
ར་	ལ་	PART
བྱ་བ་	བྱ་བ་	VERB
འགྲུབ་པ་	འགྲུབ་པ་	VERB
ར་	ལ་	PART
འགྱུར་	འགྱུར་	VERB
། །		PUNCT
གལ་ཏེ་	གལ་ཏེ་	NO_POS
ཚད་མ་	ཚད་མ་	NOUN
རྣམས་	རྣམས་	DET
ལ་	ལ་	PART
ནི་	ནི་	NO_POS
། །		PUNCT
མ་	མ་	PART
ལྟོས་པ་	ལྟོས་པ་	VERB
ར་	ལ་	PART
ཡང་	ཀྱང་	PART
གཞལ་བྱ་	གཞལ་བྱ་	NOUN
འགྲུབ་	འགྲུབ་	VERB
། །		PUNCT
གང་	གང་	NO_POS
ཕྱི་	ཕྱི་	OTHER
དེ་དག་	དེ་དག་	OTHER
དེ་	སྟེ་	PART
འགྲུབ་	འགྲུབ་	VERB
ན་	ལ་	PART
། །		PUNCT
ཁྱོད་	ཁྱོད་	PRON
ཀྱི་	གི་	PART
ཚད་མ་	ཚད་མ་	NOUN
འགྲུབ་པ་	འགྲུབ་པ་	VERB
ས་	གིས་	PART
ཅི་	ཅི་	NO_POS
། །		PUNCT
ཅི་སྟེ་	ཅི་སྟེ་	NO_POS
ཁྱོད་	ཁྱོད་	PRON
ཀྱི་	གི་	PART
ཚད་མ་	ཚད་མ་	NOUN
རྣམས་	རྣམས་	DET
། །		PUNCT
གཞལ་བྱ་	གཞལ་བྱ་	NOUN
རྣམས་	རྣམས་	DET
ལ་	ལ་	PART
ལྟོ་	ལྟོ་	VERB
ན་	ནས་	PART
འགྲུབ་	འགྲུབ་	VERB
། །		PUNCT
དེ་ལྟ་	དེ་ལྟ་	NO_POS
ཁྱོད་	ཁྱོད་	PRON
ཀྱི་	གི་	PART
ཚད་མ་	ཚད་མ་	NOUN
དང་	དང་	NO_POS
། །		PUNCT
གཞལ་བྱ་	གཞལ་བྱ་	NOUN
ངེས་པ་		
ལྡོག་པ་	ལྡོག་པ་	VERB
ར་	ལ་	PART
འགྱུར་	འགྱུར་	VERB
། །		PUNCT
འོན་ཏེ་	འོན་ཏེ་	NO_POS
ཁྱོད་	ཁྱོད་	PRON
ཀྱིས་	གིས་	PART
ཚད་	ཚད་	NOUN
གྲུབ་པ་	གྲུབ་པ་	VERB
ས་	གིས་	PART
། །		PUNCT
གཞལ་བ་	གཞལ་བ་	VERB
ར་	ལ་	PART
བྱ་བ་	བྱ་བ་	VERB
འགྲུབ་	འགྲུབ་	VERB
འགྱུར་	འགྱུར་	VERB
ལ་	ལ་	PART
། །		PUNCT
གཞལ་བྱ་	གཞལ་བྱ་	NOUN
གྲུབ་པ་	གྲུབ་པ་	VERB
ས་	གིས་	PART
ཚད་	ཚད་	NOUN
བསྒྲུབས་	བསྒྲུབས་	VERB
ན་	ལ་	PART
། །		PUNCT
ཁྱོད་	ཁྱོད་	PRON
ཀྱིས་	གིས་	PART
གཉིས་ཀ་	གཉིས་ཀ་	OTHER
འང་	ཀྱང་	PART
འགྲུབ་	འགྲུབ་	VERB
མི་	མི་	PART
འགྱུར་	འགྱུར་	VERB
། །		PUNCT
གལ་ཏེ་	གལ་ཏེ་	NO_POS
ཚད་མ་	ཚད་མ་	NOUN
གཞལ་བྱ་	གཞལ་བྱ་	NOUN
འགྲུབ་	འགྲུབ་	VERB
། །		PUNCT
གཞལ་བྱ་	གཞལ་བྱ་	NOUN
དེ་དག་	དེ་དག་	OTHER
རྣམས་	རྣམས་	DET
ཀྱིས་	གིས་	PART
ཀྱང་	ཀྱང་	PART
། །		PUNCT
དེ་དག་	དེ་དག་	OTHER
བསྒྲུབ་པ་	བསྒྲུབ་པ་	VERB
ར་	ལ་	PART
བྱ་	བྱ་	VERB
ཡིན་	ཡིན་	NO_POS
ན་	ལ་	PART
། །		PUNCT
དེ་དག་	དེ་དག་	OTHER
ཇི་ལྟ་		
བསྒྲུབ་པ་	བསྒྲུབ་པ་	VERB
ར་	ལ་	PART
འགྱུར་	འགྱུར་	VERB
། །		PUNCT
གལ་ཏེ་	གལ་ཏེ་	NO_POS
གཞལ་བྱ་	གཞལ་བྱ་	NOUN
ས་	གིས་	PART
ཚད་མ་	ཚད་མ་	NOUN
གྲུབ་	གྲུབ་	VERB
། །		PUNCT
ཚད་མ་	ཚད་མ་	NOUN
དེ་དག་	དེ་དག་	OTHER
རྣམས་	རྣམས་	DET
ཀྱིས་	གིས་	PART
ཀྱང་	ཀྱང་	PART
། །		PUNCT
དེ་དག་	དེ་དག་	OTHER
བསྒྲུབ་པ་	བསྒྲུབ་པ་	VERB
ར་	ལ་	PART
བྱ་	བྱ་	VERB
ཡིན་	ཡིན་	NO_POS
ན་	ལ་	PART
། །		PUNCT
དེ་དག་	དེ་དག་	OTHER
ཇི་ལྟ་		
བསྒྲུབ་པ་	བསྒྲུབ་པ་	VERB
ར་	ལ་	PART
འགྱུར་	འགྱུར་	VERB
། །		PUNCT
གལ་ཏེ་	གལ་ཏེ་	NO_POS
ཕ་	ཕ་	NOUN
ཡི་	གིས་	PART
བུ་	བུ་	NOUN
བསྐྱེད་	བསྐྱེད་	VERB
བྱ་	བྱ་	VERB
། །		PUNCT
གལ་ཏེ་	གལ་ཏེ་	NO_POS
བུ་	བུ་	NOUN
དེ་ཉིད་	དེ་ཉིད་	NOUN
ཀྱིས་	གིས་	PART
ཀྱང་	ཀྱང་	PART
། །		PUNCT
ཅི་སྟེ་	ཅི་སྟེ་	NO_POS
ཕ་	ཕ་	NOUN
དེ་	སྟེ་	PART
བསྐྱེད་	བསྐྱེད་	VERB
བྱ་ན་	བྱ་ན་	NOUN
། །		PUNCT
དེས་ན་	དེས་ན་	NO_POS
གང་	གང་	NO_POS
གིས་	གིས་	PART
གང་	གང་	NO_POS
བསྐྱེད་	བསྐྱེད་	VERB
སྨྲོས་	སྨྲོས་	VERB
། །		PUNCT
དེ་དག་	དེ་དག་	OTHER
གཉིས་ཀ་	གཉིས་ཀ་	OTHER
འང་	ཀྱང་	PART
ཕ་	ཕ་	NOUN
དང་	དང་	NO_POS
བུ་	བུ་	NOUN
འི་	གི་	PART
། །		PUNCT
མཚན་ཉིད་	མཚན་ཉིད་	NOUN
འཛིན་པ་	འཛིན་པ་	VERB
ས་	གིས་	PART
དེ་	སྟེ་	PART
ཡི་	གི་	PART
ཕྱི་	ཕྱི་	OTHER
། །		PUNCT
དེ་	སྟེ་	PART
ལ་	ལ་	PART
ཁོ་བོ་	ཁོ་བོ་	PRON
ཐེ་ཚོམ་	ཐེ་ཚོམ་	NOUN
གྱུར་	གྱུར་	VERB
། །		PUNCT
དེ་ལས་	དེ་ལས་	NO_POS
ཕ་	ཕ་	NOUN
གང་བུ་	གང་བུ་	NOUN
གང་	གང་	NO_POS
སྨྲོས་	སྨྲོས་	VERB
། །		PUNCT
ཚད་མ་	ཚད་མ་	NOUN
རྣམས་	རྣམས་	DET
ནི་	ནི་	NO_POS
རང་ཉིད་	རང་ཉིད་	OTHER
ཀྱིས་	གིས་	PART
། །		PUNCT
འགྲུབ་	འགྲུབ་	VERB
མིན་	མིན་	AUX
ཕན་ཚུན་	ཕན་ཚུན་	ADV
གྱིས་	གིས་	PART
མིན་པ་	མིན་པ་	VERB
འམ་	གམ་	PART
། །		PUNCT
ཚད་མ་	ཚད་མ་	NOUN
གཞན་	གཞན་	DET
གྱིས་	གིས་	PART
མ་	མ་	PART
ཡིན་	ཡིན་	NO_POS
ལ་	ལ་	PART
། །		PUNCT
གཞལ་བྱ་	གཞལ་བྱ་	NOUN
ས་	གིས་	PART
མ་	མ་	PART
ཡིན་	ཡིན་	NO_POS
རྒྱུ་	རྒྱུ་	NOUN
མེད་	མེད་	VERB
མིན་	མིན་	AUX
། །		PUNCT
ཆོ་	ཆོ་	NOUN
ཀྱི་	གི་	PART
གནས་སྐབས་	གནས་སྐབས་	NOUN
རབ་	རབ་	ADV
མཁས་པ་	མཁས་པ་	VERB
། །		PUNCT
དགེ་བ་	དགེ་བ་	VERB
ཡི་	གིས་	PART
ནི་	ནི་	NO_POS
ཆོ་	ཆོ་	NOUN
རྣམས་	རྣམས་	DET
ཀྱི་	གི་	PART
། །		PUNCT
དགེ་བ་	དགེ་བ་	VERB
འི་	གི་	PART
ཆོ་	ཆོ་	NOUN
རྣམས་	རྣམས་	DET
རང་བཞིན་	རང་བཞིན་	NOUN
གང་	གང་	NO_POS
། །		PUNCT
དེ་ལྟ་	དེ་ལྟ་	NO_POS
རབ་	རབ་	ADV
ཕྱེ་	ཕྱེ་	VERB
བརྗོད་བྱ་	བརྗོད་བྱ་	NOUN
ཡིན་	ཡིན་	NO_POS
། །		PUNCT
གལ་ཏེ་	གལ་ཏེ་	NO_POS
དགེ་བ་	དགེ་བ་	VERB
འི་	གི་	PART
ཆོ་	ཆོ་	NOUN
རྣམས་	རྣམས་	DET
ཀྱི་	གི་	PART
། །		PUNCT
རང་བཞིན་	རང་བཞིན་	NOUN
འགའ་ཞིག་	འགའ་ཞིག་	OTHER
བརྟེན་	བརྟེན་	VERB
སྐྱེ་བ་	སྐྱེ་བ་	VERB
། །		PUNCT
དེ་	སྟེ་	PART
ནི་	ནི་	NO_POS
གཞན་དོན་	གཞན་དོན་	NOUN
དེ་ལྟ་ན་	དེ་ལྟ་ན་	NO_POS
། །		PUNCT
རང་	རང་	PRON
གི་	གི་	PART
ངོ་བོ་	ངོ་བོ་	NOUN
ར་	ལ་	PART
ཇི་ལྟ་		
འགྱུར་	འགྱུར་	VERB
། །		PUNCT
འོན་ཏེ་	འོན་ཏེ་	NO_POS
དགེ་བ་	དགེ་བ་	VERB
འི་	གི་	PART
ཆོ་	ཆོ་	NOUN
རྣམས་	རྣམས་	DET
ཀྱིས་	གིས་	PART
། །		PUNCT
རང་	རང་	PRON
གི་	གི་	PART
ངོ་བོ་	ངོ་བོ་	NOUN
དེ་	སྟེ་	PART
འགའ་	འགའ་	DET
ལ་	ལ་	ADP
འང་	ཀྱང་	PART
། །		PUNCT
མ་	མ་	PART
བརྟེན་	བརྟེན་	VERB
སྐྱེ་	སྐྱེ་	NOUN
ན་	ལ་	PART
དེ་ལྟ་ན་	དེ་ལྟ་ན་	NO_POS
འང་	ཀྱང་	PART
། །		PUNCT
ཚངས་པ་	ཚངས་པ་	PROPN
ར་	ལ་	PART
སྤྱོད་པ་	སྤྱོད་པ་	VERB
གནས་	གནས་	NOUN
མི་	མི་	PART
འགྱུར་	འགྱུར་	VERB
། །		PUNCT
རྒྱུ་	རྒྱུ་	NOUN
མི་	མི་	PART
ལྡན་པ་	ལྡན་པ་	VERB
རྟག་པ་	རྟག་པ་	VERB
འི་	གི་	PART
ཕྱི་	ཕྱི་	OTHER
། །		PUNCT
ཆོ་	ཆོ་	NOUN
རྣམས་	རྣམས་	DET
ཐམས་ཅད་	ཐམས་ཅད་	DET
རྟག་པ་	རྟག་པ་	VERB
ར་	ལ་	PART
འགྱུར་	འགྱུར་	VERB
། །		PUNCT
ཆོ་	ཆོ་	NOUN
དང་	དང་	NO_POS
ཆོས་མ་	ཆོས་མ་	NO_POS
ཡིན་	ཡིན་	NO_POS
མེད་	མེད་	VERB
ཅིང་	ཅིང་	PART
། །		PUNCT
འཇིག་རྟེན་པ་	འཇིག་རྟེན་པ་	NOUN
ཡི་	གི་	PART
ཐ་སྙད་	ཐ་སྙད་	NOUN
མེད་	མེད་	VERB
། །		PUNCT
མི་དགེ་བ་	མི་དགེ་བ་	NO_POS
དང་	དང་	NO_POS
ལུང་	ལུང་	NOUN
མ་	མ་	PART
བསྟན་	བསྟན་	VERB
། །		PUNCT
ངེས་འབྱིན་	ངེས་འབྱིན་	NOUN
སོགས་	སོགས་	DET
ལ་	ལ་	ADP
འང་	ཀྱང་	PART
སྐྱོན་	སྐྱོན་	NOUN
དེ་བཞིན་	དེ་བཞིན་	OTHER
། །		PUNCT
དེ་བ་	དེ་བ་	OTHER
ས་	གིས་	PART
ཁྱོད་	ཁྱོད་	PRON
ཀྱི་	གི་	PART
འདུས་བྱས་	འདུས་བྱས་	NOUN
ཀུན་	ཀུན་	DET
། །		PUNCT
འདུས་མ་བྱས་པ་	འདུས་མ་བྱས་པ་	NO_POS
ཉིད་	ཉིད་	DET
དུ་	ལ་	PART
འགྱུར་	འགྱུར་	VERB
། །		PUNCT
གང་ཞིག་	གང་ཞིག་	NO_POS
རང་བཞིན་	རང་བཞིན་	NOUN
བཅས་པ་	བཅས་པ་	VERB
ཞེ་	ཅེས་	PART
། །		PUNCT
མི་	མི་	PART
དེ་	སྟེ་	PART
ཡོད་པ་	ཡོད་པ་	VERB
ར་	ལ་	PART
སྨྲ་བ་	སྨྲ་བ་	VERB
ལ་	ལ་	PART
། །		PUNCT
དེ་ལྟ་	དེ་ལྟ་	NO_POS
ཁྱོད་	ཁྱོད་	PRON
ཀྱིས་	གིས་	PART
ལན་	ལན་	NOUN
བཏབ་	བཏབ་	VERB
ཀྱི་	གི་	PART
། །		PUNCT
ང་	ང་	PRON
ཡི་	གི་	PART
མིང་	མིང་	NOUN
ཡོད་	ཡོད་	VERB
མི་སྨྲ་	མི་སྨྲ་	NO_POS
འོ་	གོ་	PART
། །		PUNCT
མིང་མེད་	མིང་མེད་	NO_POS
ཅེས་	ཅེས་	PART
བྱ་	བྱ་	VERB
གང་ཡིན་	གང་ཡིན་	NO_POS
འདི་	འདི་	DET
། །		PUNCT
ཅི་	ཅི་	NO_POS
དེ་	སྟེ་	PART
ཡོད་པ་	ཡོད་པ་	VERB
འམ་	གམ་	PART
མེད་པ་	མེད་པ་	VERB
ཡིན་	ཡིན་	NO_POS
། །		PUNCT
གལ་ཏེ་	གལ་ཏེ་	NO_POS
ཡོད་	ཡོད་	VERB
དམ་	གམ་	PART
མེད་	མེད་	VERB
ཀྱང་	ཀྱང་	PART
རུང་	རུང་	SCONJ
། །		PUNCT
ཁྱོད་	ཁྱོད་	PRON
ཀྱིས་	གིས་	PART
སྨྲས་པ་	སྨྲས་པ་	VERB
འང་	ཀྱང་	PART
གཉིས་ཀ་	གཉིས་ཀ་	OTHER
འང་	ཀྱང་	PART
ཉམས་	ཉམས་	NOUN
། །		PUNCT
དངོས་པོ་	དངོས་པོ་	NOUN
དག་	དག་	DET
ནི་	ནི་	NO_POS
ཐམས་ཅད་	ཐམས་ཅད་	DET
ཀྱི་	གི་	PART
། །		PUNCT
སྟོང་པ་	སྟོང་པ་	VERB
༼		PUNCT
		
༽		PUNCT
ཉིད་	ཉིད་	DET
ནི་	ནི་	NO_POS
སྔ་	སྔ་	NOUN
བསྟན་པ་	བསྟན་པ་	VERB
ས་	གིས་	PART
། །		PUNCT
དེ་ཕྱིར་	དེ་ཕྱིར་	NO_POS
དམ་བཅ་	དམ་བཅའ་	NOUN
ས་	གིས་	PART
མེད་པ་	མེད་པ་	VERB
ར་	ལ་	PART
ཡང་	ཀྱང་	PART
། །		PUNCT
ཀླན་ཀ་	ཀླན་ཀ་	NOUN
གང་ཡིན་	གང་ཡིན་	NO_POS
དེ་	སྟེ་	PART
ཚོལ་	ཚོལ་	VERB
བྱེད་	བྱེད་	VERB
། །		PUNCT
འོན་ཏེ་	འོན་ཏེ་	NO_POS
རང་བཞིན་	རང་བཞིན་	NOUN
ཞིག་	ཅིག་	PART
ཡོད་	ཡོད་	VERB
ལ་	ལ་	PART
། །		PUNCT
དེ་	སྟེ་	PART
ནི་	ནི་	NO_POS
ཆོ་	ཆོ་	NOUN
ལ་	ལ་	PART
མེད་	མེད་	VERB
དོ་	གོ་	PART
ཞེ་	ཅེས་	PART
། །		PUNCT
དོགས་	དོགས་	NO_POS
འདི་རིགས་པ་	འདི་རིགས་པ་	NO_POS
མ་	མ་	PART
ཡིན་མོད་	ཡིན་མོད་	NO_POS
། །		PUNCT
དོགས་པ་	དོགས་པ་	VERB
དེ་	སྟེ་	PART
ནི་	ནི་	NO_POS
ཁྱོད་	ཁྱོད་	PRON
ཀྱིས་	གིས་	PART
བྱ་	བྱ་	VERB
། །		PUNCT
གལ་ཏེ་	གལ་ཏེ་	NO_POS
ཡོད་	ཡོད་	VERB
ཉིད་	ཉིད་	DET
འགོག་	འགོག་	NO_POS
ཡིན་	ཡིན་	NO_POS
ན་	ལ་	PART
། །		PUNCT
འོ་ན་	འོ་ན་	NO_POS
སྟོང་ཉིད་	སྟོང་ཉིད་	NOUN
རབ་	རབ་	ADV
འགྲུབ་	འགྲུབ་	VERB
སྟེ་	སྟེ་	PART
། །		PUNCT
དངོ་	དངོ་	NOUN
རྣམས་	རྣམས་	DET
རང་བཞིན་	རང་བཞིན་	NOUN
མེད་	མེད་	VERB
ཉིད་	ཉིད་	DET
ལ་	ལ་	PART
། །		PUNCT
ཁྱོད་	ཁྱོད་	PRON
ནི་	ནི་	NO_POS
འགོག་པ་	འགོག་པ་	VERB
ར་	ལ་	PART
བྱེད་པ་	བྱེད་པ་	VERB
ས་	གིས་	PART
སོ་	གོ་	PART
། །		PUNCT
སྟོང་ཉིད་	སྟོང་ཉིད་	NOUN
གང་	གང་	NO_POS
ལ་	ལ་	PART
ཁྱོད་	ཁྱོད་	PRON
འགོག་པ་	འགོག་པ་	VERB
འི་	གི་	PART
། །		PUNCT
སྟོང་ཉིད་	སྟོང་ཉིད་	NOUN
དེ་ཡང་	དེ་ཡང་	ADV
མེད་	མེད་	VERB
ཡིན་	ཡིན་	NO_POS
ན་	ལ་	PART
། །		PUNCT
འོ་ན་	འོ་ན་	NO_POS
ཡོད་པ་	ཡོད་པ་	VERB
འགོག་	འགོག་	NO_POS
ཡིན་	ཡིན་	NO_POS
ཞེ་	ཅེས་	PART
། །		PUNCT
སྨྲས་པ་	སྨྲས་པ་	VERB
དེ་	སྟེ་	PART
ཉམས་	ཉམས་	NOUN
མ་	མ་	PART
ཡིན་	ཡིན་	NO_POS
ནམ་	གམ་	PART
། །		PUNCT
དགག་བྱ་	དགག་བྱ་	VERB
ཅི་ཡང་	ཅི་ཡང་	OTHER
མེད་པ་	མེད་པ་	VERB
ས་	གིས་	PART
ན་	ལ་	PART
། །		PUNCT
ང་	ང་	PRON
ནི་	ནི་	NO_POS
ཅི་ཡང་	ཅི་ཡང་	OTHER
མི་	མི་	PART
འགོག་	འགོག་	NO_POS
གོ་	གོ་	PART
།		PUNCT
དེ་ཕྱིར་	དེ་ཕྱིར་	NO_POS
འགོག་པ་	འགོག་པ་	VERB
བྱེད་	བྱེད་	VERB
དོ་	གོ་	PART
ཞེ་	ཅེས་	PART
། །		PUNCT
ཡང་དག་	ཡང་དག་	ADJ
མིན་	མིན་	AUX
ཏེ་	སྟེ་	PART
ཁྱོད་	ཁྱོད་	PRON
ཀྱིས་	གིས་	PART
སྨྲ་	སྨྲ་	VERB
ས་	གིས་	PART
། །		PUNCT
ཚིག་	ཚིག་	NOUN
མེད་པ་	མེད་པ་	VERB
ར་	ལ་	PART
ཡང་	ཀྱང་	PART
མེད་པ་	མེད་པ་	VERB
ཡི་	གི་	PART
། །		PUNCT
འགོག་	འགོག་	NO_POS
ཚིག་	ཚིག་	NOUN
མི་	མི་	PART
འགྲུབ་	འགྲུབ་	VERB
མིན་	མིན་	AUX
ཞེ་ན་	ཅེ་ན་	PART
། །		PUNCT
དེ་	སྟེ་	PART
ལ་	ལ་	PART
ཚིག་	ཚིག་	NOUN
ནི་	ནི་	NO_POS
མེད་	མེད་	VERB
ཅེས་པ་	ཅེས་པ་	PART
ར་	ལ་	PART
། །		PUNCT
གོ་བ་	གོ་བ་	VERB
ར་	ལ་	PART
བྱེད་	བྱེད་	VERB
ཀྱི་	གི་	PART
སྐྱེ་	སྐྱེ་	NOUN
སེལ་	སེལ་	VERB
མིན་	མིན་	AUX
། །		PUNCT
སྨིག་རྒྱུ་	སྨིག་རྒྱུ་	NOUN
དཔེ་	དཔེ་	NOUN
ལ་	ལ་	PART
ཁྱོད་	ཁྱོད་	PRON
ཀྱིས་	གིས་	PART
ཀྱང་	ཀྱང་	PART
། །		PUNCT
རྩོད་པ་	རྩོད་པ་	VERB
ཆེན་པོ་	ཆེན་པོ་	ADJ
སྨྲས་པ་	སྨྲས་པ་	VERB
གང་	གང་	NO_POS
། །		PUNCT
དེ་ཡང་	དེ་ཡང་	ADV
ཅི་	ཅི་	NO_POS
ན་	ནས་	PART
དཔེ་	དཔེ་	NOUN
དེ་	སྟེ་	PART
འཐད་	འཐད་	VERB
། །		PUNCT
གཏན་	གཏན་	NOUN
ལ་	ལ་	PART
དབབ་པ་	དབབ་པ་	VERB
མཉན་པ་	མཉན་པ་	VERB
ར་	ལ་	PART
གྱིས་	གིས་	PART
། །		PUNCT
གལ་ཏེ་	གལ་ཏེ་	NO_POS
འཛིན་	འཛིན་	VERB
དེ་	སྟེ་	PART
རང་བཞིན་	རང་བཞིན་	NOUN
ཡོད་	ཡོད་	VERB
། །		PUNCT
བརྟེན་	བརྟེན་	VERB
ན་	ནས་	PART
འབྱུང་བ་	འབྱུང་བ་	VERB
ར་	ལ་	PART
མི་	མི་	PART
འགྱུར་	འགྱུར་	VERB
རོ་	རོ་	NOUN
། །		PUNCT
འཛིན་པ་	འཛིན་པ་	VERB
གང་ཞིག་	གང་ཞིག་	NO_POS
བརྟེན་	བརྟེན་	VERB
འབྱུང་བ་	འབྱུང་བ་	VERB
། །		PUNCT
དེ་ཉིད་	དེ་ཉིད་	NOUN
སྟོང་ཉིད་	སྟོང་ཉིད་	NOUN
མ་	མ་	PART
ཡིན་	ཡིན་	NO_POS
ནམ་	གམ་	PART
། །		PUNCT
གལ་ཏེ་	གལ་ཏེ་	NO_POS
འཛིན་པ་	འཛིན་པ་	VERB
རང་བཞིན་	རང་བཞིན་	NOUN
ཡོད་	ཡོད་	VERB
། །		PUNCT
འཛིན་པ་	འཛིན་པ་	VERB
དེ་	སྟེ་	PART
ལ་	ལ་	PART
སུ་	ལ་	PART
ཡི་	གིས་	PART
བཟློག་	བཟློག་	VERB
།		PUNCT
ལྷག་མ་	ལྷག་མ་	NOUN
རྣམས་	རྣམས་	DET
ལ་	ལ་	ADP
འང་	ཀྱང་	PART
ཚུལ་	ཚུལ་	NOUN
དེ་བཞིན་	དེ་བཞིན་	OTHER
། །		PUNCT
དེ་ཕྱིར་	དེ་ཕྱིར་	NO_POS
ཀླན་ཀ་	ཀླན་ཀ་	NOUN
དེ་	སྟེ་	PART
མེད་	མེད་	VERB
དོ་	གོ་	PART
། །		PUNCT
སྨིག་རྒྱུ་	སྨིག་རྒྱུ་	NOUN
འི་	གི་	PART
དཔེ་	དཔེ་	NOUN
ས་	གིས་	PART
བཟློག་	བཟློག་	VERB
བསྒྲུབ་པ་	བསྒྲུབ་པ་	VERB
འི་	གི་	PART
ཚེ་	ཚེ་	NOUN
། །		PUNCT
སྔ་	སྔ་	NOUN
སྨྲ་	སྨྲ་	VERB
ས་	གིས་	PART
གང་ཡིན་	གང་ཡིན་	NO_POS
དེ་	སྟེ་	PART
དང་	དང་	NO_POS
ནི་	ནི་	NO_POS
། །		PUNCT
སྔ་མ་	སྔ་མ་	ADJ
ས་	གིས་	PART
གཏན་ཚིགས་	གཏན་ཚིགས་	NOUN
མེད་པ་	མེད་པ་	VERB
ཡི་	གི་	PART
། །		PUNCT
ལན་	ལན་	NOUN
བཏབ་	བཏབ་	VERB
གྱུར་	གྱུར་	VERB
ཏེ་	སྟེ་	PART
མཚུངས་	མཚུངས་	VERB
ཕྱི་	ཕྱི་	OTHER
རོ་	རོ་	NOUN
། །		PUNCT
དུས་གསུམ་	དུས་གསུམ་	OTHER
གཏན་ཚིགས་	གཏན་ཚིགས་	NOUN
གང་ཡིན་	གང་ཡིན་	NO_POS
སྔ་	སྔ་	NOUN
། །		PUNCT
ལན་	ལན་	NOUN
བཏབ་	བཏབ་	VERB
ཉིད་	ཉིད་	DET
དུ་	ལ་	PART
མཚུངས་	མཚུངས་	VERB
ཕྱི་	ཕྱི་	OTHER
རོ་	རོ་	NOUN
། །		PUNCT
དུས་གསུམ་	དུས་གསུམ་	OTHER
ཆེད་	ཆེད་	NOUN
ཀྱི་	གི་	PART
གཏན་ཚིགས་	གཏན་ཚིགས་	NOUN
ནི་	ནི་	NO_POS
། །		PUNCT
སྟོང་ཉིད་	སྟོང་ཉིད་	NOUN
སྨྲ་བ་	སྨྲ་བ་	VERB
རྣམས་	རྣམས་	DET
ལ་	ལ་	PART
རུང་	རུང་	SCONJ
། །		PUNCT
གང་	གང་	NO_POS
ལ་སྟོང་པ་	ལ་སྟོང་པ་	NO_POS
ཉིད་	ཉིད་	DET
སྲིད་པ་	སྲིད་པ་	VERB
། །		PUNCT
དེ་	སྟེ་	PART
ལ་དོན་	ལ་དོན་	OTHER
རྣམས་	རྣམས་	DET
ཐམས་ཅད་	ཐམས་ཅད་	DET
སྲིད་	སྲིད་	NOUN
། །		PUNCT
གང་	གང་	NO_POS
ལ་སྟོང་	ལ་སྟོང་	NO_POS
ཉིད་	ཉིད་	DET
མི་	མི་	PART
སྲིད་པ་	སྲིད་པ་	VERB
། །		PUNCT
དེ་	སྟེ་	PART
ལ་	ལ་	PART
ཅི་ཡང་	ཅི་ཡང་	OTHER
མི་	མི་	PART
སྲིད་	སྲིད་	NOUN
དོ་	གོ་	PART
། །		PUNCT
གང་ཞིག་	གང་ཞིག་	NO_POS
སྟོང་	སྟོང་	NUM
དང་	དང་	NO_POS
རྟེན་འབྱུང་	རྟེན་འབྱུང་	OTHER
དག་	དག་	DET
།		PUNCT
དབུ་མ་	དབུ་མ་	PROPN
འི་	གི་	PART
ལམ་	གམ་	PART
དུ་	ལ་	PART
དོན་	དོན་	NOUN
གཅིག་པ་	གཅིག་པ་	ADJ
ར་	ལ་	PART
། །		PUNCT
གསུང་མཆོག་	གསུང་མཆོག་	NO_POS
མཚུངས་པ་	མཚུངས་པ་	VERB
མེད་པ་	མེད་པ་	VERB
ཡི་	གི་	PART
། །		PUNCT
སངས་རྒྱས་	སངས་རྒྱས་	NOUN
དེ་	སྟེ་	PART
ལ་	ལ་	PART
ཕྱག་	ཕྱག་	NOUN
འཚལ་	འཚལ་	VERB
ལོ་	གོ་	PART
། །		PUNCT
རྩོད་པ་	རྩོད་པ་	VERB
བཟློག་པ་	བཟློག་པ་	VERB
འི་	གི་	PART
ཚིག་ལེའུ་	ཚིག་ལེའུ་	OTHER
ར་	ལ་	PART
བྱས་པ་	བྱས་པ་	VERB
ཞེ་	ཅེས་	PART
བྱ་བ་	བྱ་བ་	VERB
།		PUNCT
སློབ་དཔོན་	སློབ་དཔོན་	NOUN
འཕགས་པ་	འཕགས་པ་	VERB
ཀླུ་སྒྲུབ་	ཀླུ་སྒྲུབ་	PROPN
ཀྱི་	གི་	PART
ཞལ་སྔ་	ཞལ་སྔ་	NOUN
ན་	ནས་	PART
མཛད་པ་	མཛད་པ་	VERB
རྫོགས་	རྫོགས་	VERB
སོ་	གོ་	PART
།། །།		PUNCT
རྒྱ་གར་	རྒྱ་གར་	PROPN
གྱི་	གི་	PART
མཁན་པོ་	མཁན་པོ་	NOUN
ཛྙཱ་ན་	ཛྙཱ་ན་	PROPN
གརྦྷ་		NON_WORD
དང་	དང་	NO_POS
།		PUNCT
བོད་	བོད་	PROPN
ཀྱི་	གི་	PART
ལོ་	གོ་	PART
ཙྪ་བ་	ཙྪ་བ་	NON_WORD
ཀ་བ་	ཀ་བ་	NOUN
དཔལ་	དཔལ་	OTHER
བརྩེགས་	བརྩེགས་	NO_POS
ཀྱིས་	གིས་	PART
བསྒྱུར་པ་	བསྒྱུར་པ་	VERB
ལ་	ལ་	PART
།		PUNCT
སླད་	སླད་	NOUN
ཀྱིས་	གིས་	PART
ཁ་ཆེ་	ཁ་ཆེ་	PROPN
འི་	གི་	PART
པཎྜི་ཏ་	པཎྜི་ཏ་	NOUN
ཛ་ཡ་	ཛ་ཡ་	NO_POS
ཨ་	ཨ་	X
ནནྟ་		NON_WORD
དང་	དང་	NO_POS
།		PUNCT
ལོཙྪ་བ་	ལོཙྪ་བ་	NOUN
ཁུ་	ཁུ་	PROPN
མདོ་སྡེ་	མདོ་སྡེ་	NOUN
དཔལ་	དཔལ་	OTHER
གྱིས་	གིས་	PART
བསྒྱུར་པ་	བསྒྱུར་པ་	VERB
འོ་	གོ་	PART
།། །།		PUNCT
		
༈ །		PUNCT
བལ་ཡུལ་	བལ་ཡུལ་	PROPN
ན་	ནས་	PART
རྒྱལ་	རྒྱལ་	VERB
ཡོངས་	ཡོངས་	DET
ས་	ས་	ADP
ཆེན་	ཆེན་	NO_POS
ཞེས་་	ཞེས་པ་	PART
ལ་	ལ་	ADP
ས་	གིས་	PART
གུ་རུ་	གུ་རུ་	PROPN
ས་	གིས་	PART
སྤེལ་	སྤེལ་	VERB
།། །།		PUNCT
		
